symbol,time_utc,horizon,bars,entry,exit,pnl_pct,pnl_at_signal_close,mfe_pct,mae_pct,bias
TUT/USDT,2026-08-09 07:55,15m,3,0.17803,0.15058,15.418749648935576,15.442497753818508,20.238162107509975,7.217884626186597,147.7
TUT/USDT,2026-08-09 07:55,30m,6,0.17803,0.16459,7.549289445599062,7.575247079964063,23.99595573779699,7.217884626186597,147.7
TUT/USDT,2026-08-09 07:55,1h,12,0.17803,0.18233,-2.4153232601246972,-2.3865678346810446,23.99595573779699,9.138909172611362,147.7
TUT/USDT,2026-08-09 07:55,2h,24,0.17803,0.1561,12.318148626635963,12.342767295597485,23.99595573779699,9.138909172611362,147.7
TUT/USDT,2026-08-09 07:55,4h,48,0.17803,0.17271,2.988260405549622,3.015498652291097,23.99595573779699,9.138909172611362,147.7
TUT/USDT,2026-08-09 07:55,8h,96,0.17803,0.14618,17.89024321743526,17.913297394429463,23.99595573779699,9.138909172611362,147.7
TUT/USDT,2026-08-09 07:55,12h,144,0.17803,0.18687,-4.965455260349388,-4.935983827493273,23.99595573779699,19.485479975285063,147.7
TUT/USDT,2026-08-09 08:25,15m,3,0.16459,0.18407,-11.835469955647381,-11.835469955647381,0.2126496141928363,13.287563035421352,147.7
TUT/USDT,2026-08-09 08:25,30m,6,0.16459,0.18233,-10.77829758794581,-10.77829758794581,0.2126496141928363,18.05091439334104,147.7
TUT/USDT,2026-08-09 08:25,1h,12,0.16459,0.16957,-3.0257002248010285,-3.0257002248010285,0.2126496141928363,18.05091439334104,147.7
TUT/USDT,2026-08-09 08:25,2h,24,0.16459,0.15271,7.217935476031336,7.217935476031336,17.70459930736983,18.05091439334104,147.7
TUT/USDT,2026-08-09 08:25,4h,48,0.16459,0.17657,-7.278692508657889,-7.278692508657889,17.70459930736983,18.05091439334104,147.7
TUT/USDT,2026-08-09 08:25,8h,96,0.16459,0.14543,11.641047451242471,11.641047451242471,17.70459930736983,18.05091439334104,147.7
TUT/USDT,2026-08-09 08:25,12h,144,0.16459,0.17987,-9.283674585333262,-9.283674585333262,17.70459930736983,29.242359803147224,147.7
TUT/USDT,2026-08-09 19:55,15m,3,0.18685,0.18943,-1.3807867273213803,-1.3699363193663932,2.055124431362046,4.843457318704845,31.46
TUT/USDT,2026-08-09 19:55,30m,6,0.18685,0.17987,3.7356168049237284,3.745919623267515,8.96976184104897,4.843457318704845,31.46
TUT/USDT,2026-08-09 19:55,1h,12,0.18685,0.18124,3.00240834894299,3.0127896398565825,8.96976184104897,4.843457318704845,31.46
TUT/USDT,2026-08-09 19:55,2h,24,0.18685,0.19025,-1.8196414236018272,-1.8087440466634526,8.96976184104897,4.843457318704845,31.46
TUT/USDT,2026-08-09 19:55,4h,48,0.18685,0.20192,-8.065293015788066,-8.053727190025139,8.96976184104897,9.494246721969498,31.46
BICO/USDT,2026-08-09 02:30,15m,3,0.0691,0.07305,-5.71635311143272,-5.731654363873216,0.0,8.147612156295239,22.19
BICO/USDT,2026-08-09 02:30,30m,6,0.0691,0.07177,-3.863965267727939,-3.8789984078737905,0.0,8.147612156295239,22.19
BICO/USDT,2026-08-09 02:30,1h,12,0.0691,0.0684,1.013024602026038,0.9986973512809324,2.836468885672923,8.147612156295239,22.19
BICO/USDT,2026-08-09 02:30,2h,24,0.0691,0.07058,-2.14182344428366,-2.1566073237805834,4.42836468885672,8.147612156295239,22.19
BICO/USDT,2026-08-09 02:30,4h,48,0.0691,0.07256,-5.007235890014479,-5.0224345057171815,4.42836468885672,8.147612156295239,22.19
BICO/USDT,2026-08-09 02:30,8h,96,0.0691,0.04834,30.043415340086828,30.03328991170936,35.03617945007235,31.693198263386403,22.19
BICO/USDT,2026-08-09 02:30,12h,144,0.0691,0.04166,39.71056439942112,39.70183818208134,44.819102749638205,31.693198263386403,22.19
BICO/USDT,2026-08-09 07:55,15m,3,0.07082,0.06506,8.133295679186652,8.17219477769935,11.042078508895784,0.40948884495906873,43.49
BICO/USDT,2026-08-09 07:55,30m,6,0.07082,0.06601,6.791866704320807,6.831333803810864,11.91753741880824,0.40948884495906873,43.49
BICO/USDT,2026-08-09 07:55,1h,12,0.07082,0.05179,26.870940412312894,26.901905434015518,36.6139508613386,0.40948884495906873,43.49
BICO/USDT,2026-08-09 07:55,2h,24,0.07082,0.05166,27.054504377294545,27.085391672547637,36.6139508613386,0.40948884495906873,43.49
BICO/USDT,2026-08-09 07:55,4h,48,0.07082,0.04851,31.50240045184976,31.531404375441074,36.6139508613386,0.40948884495906873,43.49
BICO/USDT,2026-08-09 07:55,8h,96,0.07082,0.042,40.694719005930516,40.7198306280875,46.15927704038407,0.40948884495906873,43.49
BICO/USDT,2026-08-09 07:55,12h,144,0.07082,0.04565,35.540807681445905,35.568101623147484,46.15927704038407,0.40948884495906873,43.49
BICO/USDT,2026-08-09 08:25,15m,3,0.066,0.05201,21.1969696969697,21.208907741251323,24.57575757575758,0.7575757575757582,43.49
BICO/USDT,2026-08-09 08:25,30m,6,0.066,0.05179,21.53030303030303,21.54219057718527,31.984848484848488,0.7575757575757582,43.49
BICO/USDT,2026-08-09 08:25,1h,12,0.066,0.04947,25.045454545454547,25.05680957430692,31.984848484848488,0.7575757575757582,43.49
BICO/USDT,2026-08-09 08:25,2h,24,0.066,0.04886,25.96969696969697,25.980911983032872,31.984848484848488,0.7575757575757582,43.49
BICO/USDT,2026-08-09 08:25,4h,48,0.066,0.04379,33.65151515151515,33.661566429328886,35.59090909090909,0.7575757575757582,43.49
BICO/USDT,2026-08-09 08:25,8h,96,0.066,0.04339,34.257575757575765,34.26753522193607,42.227272727272734,0.7575757575757582,43.49
BICO/USDT,2026-08-09 08:25,12h,144,0.066,0.04842,26.63636363636364,26.647477654900776,42.227272727272734,0.7575757575757582,43.49
BMT/USDT,2026-08-09 06:00,15m,3,0.01515,0.01496,1.2541254125412602,1.2541254125412602,3.6963696369636945,0.19801980198020142,29.44
BMT/USDT,2026-08-09 06:00,30m,6,0.01515,0.01703,-12.409240924092407,-12.409240924092407,3.6963696369636945,12.67326732673266,29.44
BMT/USDT,2026-08-09 06:00,1h,12,0.01515,0.02116,-39.66996699669968,-39.66996699669968,3.6963696369636945,42.44224422442243,29.44
BMT/USDT,2026-08-09 06:00,2h,24,0.01515,0.01879,-24.02640264026403,-24.02640264026403,3.6963696369636945,46.33663366336633,29.44
BMT/USDT,2026-08-09 06:00,4h,48,0.01515,0.02566,-69.37293729372936,-69.37293729372936,3.6963696369636945,70.16501650165017,29.44
BMT/USDT,2026-08-09 06:00,8h,96,0.01515,0.02177,-43.6963696369637,-43.6963696369637,3.6963696369636945,79.66996699669967,29.44
BMT/USDT,2026-08-09 06:00,12h,144,0.01515,0.03357,-121.5841584158416,-121.5841584158416,3.6963696369636945,141.91419141914193,29.44
BMT/USDT,2026-08-09 17:50,15m,3,0.03383,0.03461,-2.3056458764410372,-2.366163856847093,6.532663316582905,4.847768253029862,78.24
BMT/USDT,2026-08-09 17:50,30m,6,0.03383,0.0338,0.08867868755543083,0.029577048210597638,6.532663316582905,4.847768253029862,78.24
BMT/USDT,2026-08-09 17:50,1h,12,0.03383,0.03384,-0.029559562518483778,-0.0887311446317724,6.532663316582905,4.847768253029862,78.24
BMT/USDT,2026-08-09 17:50,2h,24,0.03383,0.0349,-3.1628731894768003,-3.223898254954158,6.532663316582905,10.434525569021574,78.24
BMT/USDT,2026-08-09 17:50,4h,48,0.03383,0.03375,0.2364765001477882,0.17746228926352425,7.744605379840371,21.903635826189774,78.24
BMT/USDT,2026-08-09 19:40,15m,3,0.03524,0.03522,0.056753688989782024,0.0851063829787101,1.9296254256526675,2.7525539160045365,65.34
BMT/USDT,2026-08-09 19:40,30m,6,0.03524,0.0352,0.11350737797956405,0.14184397163119006,7.43473325766174,3.178206583427931,65.34
BMT/USDT,2026-08-09 19:40,1h,12,0.03524,0.03958,-12.31555051078319,-12.283687943262414,7.43473325766174,14.301929625425661,65.34
BMT/USDT,2026-08-09 19:40,2h,24,0.03524,0.03321,5.760499432463102,5.787234042553173,11.43586833144154,17.026106696935294,65.34
BMT/USDT,2026-08-09 19:40,4h,48,0.03524,0.03155,10.471055618615207,10.496453900709207,14.443813847900117,17.026106696935294,65.34
BMT/USDT,2026-08-09 21:55,15m,3,0.03424,0.03422,0.05841121495326865,0.08759124087591896,3.3002336448598104,2.6869158878504593,66.26
BMT/USDT,2026-08-09 21:55,30m,6,0.03424,0.03472,-1.4018691588785084,-1.3722627737226223,3.3002336448598104,4.293224299065418,66.26
BMT/USDT,2026-08-09 21:55,1h,12,0.03424,0.03501,-2.248831775700934,-2.2189781021897717,3.3002336448598104,4.293224299065418,66.26
BMT/USDT,2026-08-09 21:55,2h,24,0.03424,0.03302,3.5630841121495296,3.5912408759124137,11.945093457943926,4.293224299065418,66.26
CYS/USDT,2026-08-09 11:55,15m,3,0.9597,0.9363,2.4382619568615165,2.428095039599832,3.0738772533083223,1.594248202563299,19.22
CYS/USDT,2026-08-09 11:55,30m,6,0.9597,0.9733,-1.4171095133896068,-1.427678199249692,4.136709388350522,2.261123267687825,19.22
CYS/USDT,2026-08-09 11:55,1h,12,0.9597,0.9947,-3.6469730123997115,-3.6577740725302235,4.136709388350522,6.085234969261228,19.22
CYS/USDT,2026-08-09 11:55,2h,24,0.9597,0.9495,1.0628321350421994,1.0525218841183825,7.262686256121703,6.887569031989169,19.22
CYS/USDT,2026-08-09 11:55,4h,48,0.9597,0.9726,-1.344170053141609,-1.3547311379741571,7.262686256121703,6.887569031989169,19.22
CYS/USDT,2026-08-09 11:55,8h,96,0.9597,1.1153,-16.213400020839842,-16.225510629428925,7.262686256121703,17.557570073981463,19.22
CYS/USDT,2026-08-09 11:55,12h,144,0.9597,1.0861,-13.170782536209238,-13.182576073363908,7.262686256121703,37.45962279879128,19.22
CYS/USDT,2026-08-09 23:10,15m,3,1.174,1.1815,-0.6388415672913171,-0.6131312271140336,2.0357751277683165,2.376490630323683,25.51
CYS/USDT,2026-08-09 23:10,30m,6,1.174,1.23,-4.770017035775132,-4.743251298646009,2.0357751277683165,4.92333901192505,25.51
BEAT/USDT,2026-08-09 03:55,15m,3,2.782,2.924,-5.10424155283968,-5.179856115107919,2.048885693745505,5.31991373112869,19.87
BEAT/USDT,2026-08-09 03:55,30m,6,2.782,2.896,-4.09777138749101,-4.1726618705036005,2.048885693745505,5.895039539899359,19.87
BEAT/USDT,2026-08-09 03:55,1h,12,2.782,2.959,-6.362329259525524,-6.43884892086332,2.048885693745505,7.943925233644864,19.87
BEAT/USDT,2026-08-09 03:55,2h,24,2.782,3.123,-12.257368799424881,-12.338129496402892,2.048885693745505,12.508986340762037,19.87
BEAT/USDT,2026-08-09 03:55,4h,48,2.782,3.247,-16.71459381739755,-16.79856115107914,2.048885693745505,17.757009345794383,19.87
BEAT/USDT,2026-08-09 03:55,8h,96,2.782,3.254,-16.96621135873472,-17.05035971223022,2.048885693745505,22.933141624730403,19.87
BEAT/USDT,2026-08-09 03:55,12h,144,2.782,3.4,-22.21423436376707,-22.302158273381302,2.048885693745505,24.01150251617542,19.87
BEAT/USDT,2026-08-09 14:30,15m,3,3.266,3.308,-1.285976729944881,-1.285976729944881,0.030618493570112978,1.5921616656460518,9.72
BEAT/USDT,2026-08-09 14:30,30m,6,3.266,3.309,-1.3165952235150076,-1.3165952235150076,0.030618493570112978,2.3576240048989576,9.72
BEAT/USDT,2026-08-09 14:30,1h,12,3.266,3.426,-4.898958971218621,-4.898958971218621,0.030618493570112978,5.633802816901413,9.72
BEAT/USDT,2026-08-09 14:30,2h,24,3.266,3.505,-7.317819963257804,-7.317819963257804,0.030618493570112978,8.634415186772811,9.72
BEAT/USDT,2026-08-09 14:30,4h,48,3.266,3.618,-10.77770973668095,-10.77770973668095,0.030618493570112978,13.196570728720147,9.72
BEAT/USDT,2026-08-09 14:30,8h,96,3.266,3.852,-17.942437232088178,-17.942437232088178,0.030618493570112978,19.014084507042252,9.72
BEAT/USDT,2026-08-09 17:10,15m,3,3.537,3.559,-0.621996041843377,-0.621996041843377,1.6398077466779708,0.9047215154085391,13.56
BEAT/USDT,2026-08-09 17:10,30m,6,3.537,3.65,-3.194797851286401,-3.194797851286401,1.6398077466779708,3.64715860899067,13.56
BEAT/USDT,2026-08-09 17:10,1h,12,3.537,3.655,-3.3361605880689815,-3.3361605880689815,1.6398077466779708,4.523607577042696,13.56
BEAT/USDT,2026-08-09 17:10,2h,24,3.537,3.694,-4.438789934973142,-4.438789934973142,1.6398077466779708,5.569691829233816,13.56
BEAT/USDT,2026-08-09 17:10,4h,48,3.537,3.742,-5.79587220808595,-5.79587220808595,1.6398077466779708,7.29431721798134,13.56
BEAT/USDT,2026-08-09 21:40,15m,3,3.739,3.737,0.053490238031553346,0.08021390374331855,1.2570205937416343,0.42792190425247434,13.92
BEAT/USDT,2026-08-09 21:40,30m,6,3.739,3.782,-1.1500401176785278,-1.122994652406412,1.2570205937416343,1.6314522599625552,13.92
BEAT/USDT,2026-08-09 21:40,1h,12,3.739,3.877,-3.6908264241775854,-3.663101604278063,1.2570205937416343,3.9582776143353877,13.92
BEAT/USDT,2026-08-09 21:40,2h,24,3.739,3.927,-5.028082374966574,-4.999999999999996,1.2570205937416343,6.418828563787114,13.92
BEAT/USDT,2026-08-09 23:15,15m,3,3.817,3.913,-2.515064186533918,-2.515064186533918,1.3099292638197606,3.2224259889965885,14.77
BEAT/USDT,2026-08-09 23:15,30m,6,3.817,3.899,-2.148283992664392,-2.148283992664392,1.3099292638197606,4.244170814776,14.77
IOTX/USDT,2026-08-09 00:35,15m,3,0.002626,0.002684,-2.2086824067022213,-2.2086824067022213,0.07616146230006976,2.437166793602447,10.22
IOTX/USDT,2026-08-09 00:35,30m,6,0.002626,0.003239,-23.343488194973354,-23.343488194973354,0.07616146230006976,30.921553693830933,10.22
IOTX/USDT,2026-08-09 00:35,1h,12,0.002626,0.003709,-41.24143183549125,-41.24143183549125,0.07616146230006976,44.8971820258949,10.22
IOTX/USDT,2026-08-09 00:35,2h,24,0.002626,0.003818,-45.39223153084541,-45.39223153084541,0.07616146230006976,53.76999238385377,10.22
IOTX/USDT,2026-08-09 00:35,4h,48,0.002626,0.003421,-30.27418126428028,-30.27418126428028,0.07616146230006976,53.76999238385377,10.22
IOTX/USDT,2026-08-09 00:35,8h,96,0.002626,0.003366,-28.17974105102819,-28.17974105102819,0.07616146230006976,53.76999238385377,10.22
IOTX/USDT,2026-08-09 00:35,12h,144,0.002626,0.002908,-10.738766184310744,-10.738766184310744,0.07616146230006976,53.76999238385377,10.22
IOTX/USDT,2026-08-09 02:20,15m,3,0.003731,0.003818,-2.3318145269364856,-2.3318145269364856,2.3586169927633334,4.181184668989544,60.04
IOTX/USDT,2026-08-09 02:20,30m,6,0.003731,0.003761,-0.8040739748056842,-0.8040739748056842,2.3586169927633334,4.449209327258106,60.04
IOTX/USDT,2026-08-09 02:20,1h,12,0.003731,0.003455,7.39748056821227,7.39748056821227,9.193245778611631,5.655320289466638,60.04
IOTX/USDT,2026-08-09 02:20,2h,24,0.003731,0.003287,11.900294827124094,11.900294827124094,13.428035379254895,5.655320289466638,60.04
IOTX/USDT,2026-08-09 02:20,4h,48,0.003731,0.003458,7.317073170731703,7.317073170731703,16.885553470919323,5.655320289466638,60.04
IOTX/USDT,2026-08-09 02:20,8h,96,0.003731,0.003046,18.359689091396405,18.359689091396405,20.3162690967569,5.655320289466638,60.04
IOTX/USDT,2026-08-09 02:20,12h,144,0.003731,0.003026,18.89573840793353,18.89573840793353,23.74698472259448,5.655320289466638,60.04
MUBARAK/USDT,2026-08-09 00:45,15m,3,0.0157,0.01555,0.9554140127388477,0.9554140127388477,1.9108280254776955,0.12738853503186406,7.52
MUBARAK/USDT,2026-08-09 00:45,30m,6,0.0157,0.01581,-0.700636942675175,-0.700636942675175,2.0382165605095484,1.2738853503184857,7.52
MUBARAK/USDT,2026-08-09 00:45,1h,12,0.0157,0.01588,-1.146496815286622,-1.146496815286622,2.0382165605095484,3.7579617834394923,7.52
MUBARAK/USDT,2026-08-09 00:45,2h,24,0.0157,0.01604,-2.1656050955414017,-2.1656050955414017,2.0382165605095484,3.7579617834394923,7.52
MUBARAK/USDT,2026-08-09 00:45,4h,48,0.0157,0.01645,-4.777070063694272,-4.777070063694272,2.0382165605095484,5.095541401273899,7.52
MUBARAK/USDT,2026-08-09 00:45,8h,96,0.0157,0.01818,-15.796178343949066,-15.796178343949066,2.0382165605095484,27.388535031847148,7.52
MUBARAK/USDT,2026-08-09 00:45,12h,144,0.0157,0.01914,-21.91082802547772,-21.91082802547772,2.0382165605095484,33.5031847133758,7.52
MUBARAK/USDT,2026-08-09 01:15,15m,3,0.01581,0.01614,-2.087286527514234,-2.087286527514234,0.4427577482605984,3.036053130929777,7.52
MUBARAK/USDT,2026-08-09 01:15,30m,6,0.01581,0.01588,-0.44275774826057646,-0.44275774826057646,0.4427577482605984,3.036053130929777,7.52
MUBARAK/USDT,2026-08-09 01:15,1h,12,0.01581,0.0162,-2.4667931688804425,-2.4667931688804425,0.6957621758380926,3.036053130929777,7.52
MUBARAK/USDT,2026-08-09 01:15,2h,24,0.01581,0.01589,-0.5060088551549665,-0.5060088551549665,0.6957621758380926,3.352308665401639,7.52
MUBARAK/USDT,2026-08-09 01:15,4h,48,0.01581,0.01711,-8.222643896268178,-8.222643896268178,0.6957621758380926,8.981657179000617,7.52
MUBARAK/USDT,2026-08-09 01:15,8h,96,0.01581,0.01964,-24.22517394054396,-24.22517394054396,0.6957621758380926,26.75521821631877,7.52
MUBARAK/USDT,2026-08-09 01:15,12h,144,0.01581,0.01866,-18.026565464895626,-18.026565464895626,0.6957621758380926,32.574320050600875,7.52
MUBARAK/USDT,2026-08-09 04:15,15m,3,0.01621,0.01626,-0.3084515731030317,-0.24660912453761927,0.801974090067848,0.6785934608266655,6.97
MUBARAK/USDT,2026-08-09 04:15,30m,6,0.01621,0.01645,-1.4805675508945135,-1.4180024660912518,0.801974090067848,1.7890191239975453,6.97
MUBARAK/USDT,2026-08-09 04:15,1h,12,0.01621,0.01711,-5.552128315854421,-5.487053020961788,0.801974090067848,6.292412091301666,6.97
MUBARAK/USDT,2026-08-09 04:15,2h,24,0.01621,0.01766,-8.945095619987661,-8.877928483353886,0.801974090067848,16.90314620604567,6.97
MUBARAK/USDT,2026-08-09 04:15,4h,48,0.01621,0.01829,-12.831585441085764,-12.762022194821224,0.801974090067848,23.380629241209142,6.97
MUBARAK/USDT,2026-08-09 04:15,8h,96,0.01621,0.01928,-18.9389265885256,-18.865598027127007,0.801974090067848,29.302899444787172,6.97
MUBARAK/USDT,2026-08-09 04:15,12h,144,0.01621,0.02235,-37.8778531770512,-37.79284833538841,0.801974090067848,39.235040098704516,6.97
MUBARAK/USDT,2026-08-09 07:55,15m,3,0.01789,0.01791,-0.11179429849077242,-0.167785234899322,1.8446059250978224,3.3538289547233084,24.61
MUBARAK/USDT,2026-08-09 07:55,30m,6,0.01789,0.01828,-2.179988820570159,-2.237136465324391,1.8446059250978224,5.0307434320849715,24.61
MUBARAK/USDT,2026-08-09 07:55,1h,12,0.01789,0.01933,-8.049189491335945,-8.109619686800894,1.8446059250978224,8.552263834544439,24.61
MUBARAK/USDT,2026-08-09 07:55,2h,24,0.01789,0.01897,-6.036892118501962,-6.096196868008953,1.8446059250978224,17.160424818334263,24.61
MUBARAK/USDT,2026-08-09 07:55,4h,48,0.01789,0.01961,-9.614309670206815,-9.675615212527958,1.8446059250978224,17.160424818334263,24.61
MUBARAK/USDT,2026-08-09 07:55,8h,96,0.01789,0.02191,-22.470653996646167,-22.53914988814317,1.8446059250978224,26.15986584684181,24.61
MUBARAK/USDT,2026-08-09 07:55,12h,144,0.01789,0.02388,-33.482392397987695,-33.55704697986576,1.8446059250978224,44.15874790385691,24.61
MUBARAK/USDT,2026-08-09 10:50,15m,3,0.01961,0.01932,1.4788373278939246,1.5290519877675748,2.2947475777664406,3.1616522182560045,28.65
MUBARAK/USDT,2026-08-09 10:50,30m,6,0.01961,0.0189,3.6206017338092753,3.6697247706421936,4.028556858745533,3.1616522182560045,28.65
MUBARAK/USDT,2026-08-09 10:50,1h,12,0.01961,0.0196,0.050994390617030046,0.10193679918450145,4.028556858745533,3.1616522182560045,28.65
MUBARAK/USDT,2026-08-09 10:50,2h,24,0.01961,0.01818,7.29219785823558,7.339449541284387,7.955124936257006,3.1616522182560045,28.65
MUBARAK/USDT,2026-08-09 10:50,4h,48,0.01961,0.02,-1.9887812340642606,-1.936799184505616,7.955124936257006,6.221315655277931,28.65
MUBARAK/USDT,2026-08-09 10:50,8h,96,0.01961,0.02372,-20.958694543600217,-20.897043832823666,7.955124936257006,31.514533401325863,28.65
MUBARAK/USDT,2026-08-09 10:50,12h,144,0.01961,0.02583,-31.71851096379398,-31.651376146788994,7.955124936257006,38.500764915859264,28.65
MUBARAK/USDT,2026-08-09 18:05,15m,3,0.0248,0.02497,-0.685483870967742,-0.7667473769168651,2.4999999999999964,1.9758064516129068,37.45
MUBARAK/USDT,2026-08-09 18:05,30m,6,0.0248,0.0248,0.0,-0.08071025020177233,2.4999999999999964,1.9758064516129068,37.45
MUBARAK/USDT,2026-08-09 18:05,1h,12,0.0248,0.02382,3.9516129032257994,3.874092009685226,7.137096774193552,1.9758064516129068,37.45
MUBARAK/USDT,2026-08-09 18:05,2h,24,0.0248,0.02318,6.532258064516129,6.4568200161420535,10.483870967741929,1.9758064516129068,37.45
MUBARAK/USDT,2026-08-09 18:05,4h,48,0.0248,0.02668,-7.580645161290321,-7.66747376916868,10.483870967741929,9.51612903225807,37.45
MUBARAK/USDT,2026-08-09 18:35,15m,3,0.02479,0.02372,4.316256555062517,4.354838709677409,6.171843485276321,0.4437273093989471,37.45
MUBARAK/USDT,2026-08-09 18:35,30m,6,0.02479,0.02382,3.9128680919725642,3.9516129032257994,7.099636950383224,0.4437273093989471,37.45
MUBARAK/USDT,2026-08-09 18:35,1h,12,0.02479,0.02305,7.018959257765221,7.056451612903218,10.447761194029844,0.4437273093989471,37.45
MUBARAK/USDT,2026-08-09 18:35,2h,24,0.02479,0.02397,3.307785397337627,3.346774193548377,10.447761194029844,0.4437273093989471,37.45
MUBARAK/USDT,2026-08-09 18:35,4h,48,0.02479,0.02521,-1.6942315449778145,-1.6532258064516154,10.447761194029844,9.560306575231952,37.45
MUBARAK/USDT,2026-08-09 23:00,15m,3,0.0254,0.02524,0.6299212598425213,0.7081038552321127,0.9448818897637821,0.9842519685039378,29.47
MUBARAK/USDT,2026-08-09 23:00,30m,6,0.0254,0.02531,0.3543307086614166,0.4327301337529601,1.1417322834645613,1.6141732283464594,29.47
BLUAI/USDT,2026-08-09 01:10,15m,3,0.021371,0.022389,-4.763464507978092,-4.719363891487369,0.1263394319404928,5.975387206962708,13.44
BLUAI/USDT,2026-08-09 01:10,30m,6,0.021371,0.021727,-1.6658088063263237,-1.623012160898036,1.2680735576248205,7.3089700996677625,13.44
BLUAI/USDT,2026-08-09 01:10,1h,12,0.021371,0.021762,-1.8295821440269477,-1.786716557530404,2.681203500070191,7.3089700996677625,13.44
BLUAI/USDT,2026-08-09 01:10,2h,24,0.021371,0.02222,-3.9726732487950915,-3.9289055191768028,2.681203500070191,7.3089700996677625,13.44
BLUAI/USDT,2026-08-09 01:10,4h,48,0.021371,0.024999,-16.976276262224506,-16.92703461178672,2.681203500070191,17.6594450423471,13.44
BLUAI/USDT,2026-08-09 01:10,8h,96,0.021371,0.016931,20.775817696878946,20.809167446211404,21.594684385382063,29.090824013850547,13.44
BLUAI/USDT,2026-08-09 01:10,12h,144,0.021371,0.018663,12.67137709980816,12.708138447146869,24.1027560713116,29.090824013850547,13.44
PUMP/USDT,2026-08-09 08:10,15m,3,0.002489,0.002477,0.48212133386901806,0.5220883534136542,0.6026516673362725,0.24106066693450903,5.8
PUMP/USDT,2026-08-09 08:10,30m,6,0.002489,0.002468,0.8437123342707815,0.8835341365461802,1.1651265568501386,0.24106066693450903,5.8
PUMP/USDT,2026-08-09 08:10,1h,12,0.002489,0.002504,-0.6026516673362899,-0.5622489959839407,1.1651265568501386,1.5267175572519194,5.8
PUMP/USDT,2026-08-09 08:10,2h,24,0.002489,0.002538,-1.9686621132985134,-1.9277108433734886,1.1651265568501386,2.1695460024106157,5.8
PUMP/USDT,2026-08-09 08:10,4h,48,0.002489,0.002536,-1.8883085576536829,-1.8473895582329332,1.1651265568501386,3.3748493370831785,5.8
PUMP/USDT,2026-08-09 08:10,8h,96,0.002489,0.002652,-6.548814785054237,-6.506024096385535,1.1651265568501386,10.325431900361604,5.8
PUMP/USDT,2026-08-09 08:10,12h,144,0.002489,0.002719,-9.240658899156296,-9.19678714859438,1.1651265568501386,10.325431900361604,5.8
PUMP/USDT,2026-08-09 08:40,15m,3,0.002468,0.002508,-1.6207455429497433,-1.6207455429497433,0.0405186385737493,2.1069692058346825,5.8
PUMP/USDT,2026-08-09 08:40,30m,6,0.002468,0.002504,-1.4586709886547815,-1.4586709886547815,0.0405186385737493,2.390599675850892,5.8
PUMP/USDT,2026-08-09 08:40,1h,12,0.002468,0.002504,-1.4586709886547815,-1.4586709886547815,0.0405186385737493,2.390599675850892,5.8
PUMP/USDT,2026-08-09 08:40,2h,24,0.002468,0.002543,-3.0388978930307933,-3.0388978930307933,0.0405186385737493,3.1604538087520235,5.8
PUMP/USDT,2026-08-09 08:40,4h,48,0.002468,0.002596,-5.186385737439207,-5.186385737439207,0.0405186385737493,5.632090761750397,5.8
PUMP/USDT,2026-08-09 08:40,8h,96,0.002468,0.002682,-8.670988654781189,-8.670988654781189,0.0405186385737493,11.264181523500811,5.8
PUMP/USDT,2026-08-09 08:40,12h,144,0.002468,0.002701,-9.440842787682321,-9.440842787682321,0.0405186385737493,11.264181523500811,5.8
PUMP/USDT,2026-08-09 14:50,15m,3,0.00269,0.002709,-0.7063197026022274,-0.7437709185570864,0.22304832713754383,1.4126394052044549,10.03
PUMP/USDT,2026-08-09 14:50,30m,6,0.00269,0.002684,0.22304832713754383,0.18594272963926353,0.2602230483271398,1.4126394052044549,10.03
PUMP/USDT,2026-08-09 14:50,1h,12,0.00269,0.002677,0.48327137546468363,0.4462625511342454,2.1561338289962944,1.4126394052044549,10.03
PUMP/USDT,2026-08-09 14:50,2h,24,0.00269,0.00267,0.7434944237918235,0.7065823726292273,2.1561338289962944,1.4126394052044549,10.03
PUMP/USDT,2026-08-09 14:50,4h,48,0.00269,0.002695,-0.1858736059479478,-0.2231312755671227,2.1561338289962944,1.4126394052044549,10.03
PUMP/USDT,2026-08-09 14:50,8h,96,0.00269,0.002714,-0.8921933085501753,-0.9297136481963499,2.1561338289962944,1.7472118959107708,10.03
PUMP/USDT,2026-08-09 20:20,15m,3,0.00271,0.002697,0.47970479704797014,0.47970479704797014,0.6273062730627338,0.03690036900367893,6.08
PUMP/USDT,2026-08-09 20:20,30m,6,0.00271,0.002695,0.5535055350553599,0.5535055350553599,1.0332103321033301,0.03690036900367893,6.08
PUMP/USDT,2026-08-09 20:20,1h,12,0.00271,0.002659,1.8819188191882015,1.8819188191882015,2.8782287822878367,0.03690036900367893,6.08
PUMP/USDT,2026-08-09 20:20,2h,24,0.00271,0.002718,-0.2952029520295114,-0.2952029520295114,2.8782287822878367,0.5904059040590389,6.08
PUMP/USDT,2026-08-09 20:50,15m,3,0.002695,0.002655,1.4842300556586312,1.4842300556586312,1.5584415584415563,0.18552875695733692,5.75
PUMP/USDT,2026-08-09 20:50,30m,6,0.002695,0.002659,1.3358070500927646,1.3358070500927646,2.3376623376623424,0.18552875695733692,5.75
PUMP/USDT,2026-08-09 20:50,1h,12,0.002695,0.002662,1.224489795918369,1.224489795918369,2.3376623376623424,0.18552875695733692,5.75
PUMP/USDT,2026-08-09 20:50,2h,24,0.002695,0.002714,-0.705009276437845,-0.705009276437845,2.3376623376623424,1.224489795918369,5.75
PUMP/USDT,2026-08-09 21:20,15m,3,0.002659,0.002679,-0.7521624670928941,-0.7521624670928941,0.22564874012786493,0.8649868371568266,5.75
PUMP/USDT,2026-08-09 21:20,30m,6,0.002659,0.002662,-0.11282437006393246,-0.11282437006393246,0.22564874012786493,0.8649868371568266,5.75
PUMP/USDT,2026-08-09 21:20,1h,12,0.002659,0.002718,-2.218879277924033,-2.218879277924033,0.22564874012786493,2.5197442647611967,5.75
PUMP/USDT,2026-08-09 21:20,2h,24,0.002659,0.002681,-0.8273787138021769,-0.8273787138021769,0.22564874012786493,2.5949605114704797,5.75
BLESS/USDT,2026-08-09 08:50,15m,3,0.013704,0.012975,5.319614711033266,5.319614711033266,8.45008756567425,2.721833041447753,8.2
BLESS/USDT,2026-08-09 08:50,30m,6,0.013704,0.012889,5.947168709865731,5.947168709865731,8.45008756567425,2.721833041447753,8.2
BLESS/USDT,2026-08-09 08:50,1h,12,0.013704,0.013686,0.1313485113835298,0.1313485113835298,8.45008756567425,2.721833041447753,8.2
BLESS/USDT,2026-08-09 08:50,2h,24,0.013704,0.014126,-3.0793928779918307,-3.0793928779918307,8.45008756567425,4.028021015761825,8.2
BLESS/USDT,2026-08-09 08:50,4h,48,0.013704,0.013101,4.400175131348507,4.400175131348507,8.45008756567425,4.028021015761825,8.2
BLESS/USDT,2026-08-09 08:50,8h,96,0.013704,0.01233,10.026269702276696,10.026269702276696,10.887332165791,4.028021015761825,8.2
BLESS/USDT,2026-08-09 08:50,12h,144,0.013704,0.012315,10.13572679509632,10.13572679509632,13.375656742556915,4.028021015761825,8.2
BANK/USDT,2026-08-09 13:55,15m,3,0.04304,0.04235,1.6031598513011225,1.6031598513011225,2.1375464684014966,0.2788104089219217,18.48
BANK/USDT,2026-08-09 13:55,30m,6,0.04304,0.04255,1.1384758364312366,1.1384758364312366,2.2304832713754705,0.2788104089219217,18.48
BANK/USDT,2026-08-09 13:55,1h,12,0.04304,0.04228,1.7657992565055847,1.7657992565055847,4.43773234200744,0.2788104089219217,18.48
BANK/USDT,2026-08-09 13:55,2h,24,0.04304,0.04133,3.973048327137554,3.973048327137554,4.5771375464684,0.2788104089219217,18.48
BANK/USDT,2026-08-09 13:55,4h,48,0.04304,0.04001,7.039962825278821,7.039962825278821,8.666356877323429,0.2788104089219217,18.48
BANK/USDT,2026-08-09 13:55,8h,96,0.04304,0.03991,7.272304832713757,7.272304832713757,8.666356877323429,0.2788104089219217,18.48
BTW/USDT,2026-08-09 01:05,15m,3,0.20397,0.20399,-0.009805363533849216,-0.009805363533849216,0.6030298573319649,1.3972643035740508,17.34
BTW/USDT,2026-08-09 01:05,30m,6,0.20397,0.19937,2.255233612786204,2.255233612786204,2.843555424817375,1.3972643035740508,17.34
BTW/USDT,2026-08-09 01:05,1h,12,0.20397,0.20305,0.45104672255724076,0.45104672255724076,3.5446389174878723,1.3972643035740508,17.34
BTW/USDT,2026-08-09 01:05,2h,24,0.20397,0.20676,-1.3678482129724894,-1.3678482129724894,4.588910133843215,5.088983674069715,17.34
BTW/USDT,2026-08-09 01:05,4h,48,0.20397,0.20662,-1.2992106682355178,-1.2992106682355178,4.588910133843215,5.088983674069715,17.34
BTW/USDT,2026-08-09 01:05,8h,96,0.20397,0.17222,15.566014609991665,15.566014609991665,27.77369220963867,9.550424081972837,17.34
BTW/USDT,2026-08-09 01:05,12h,144,0.20397,0.18852,7.574643329901464,7.574643329901464,27.77369220963867,9.550424081972837,17.34
BTW/USDT,2026-08-09 03:30,15m,3,0.20548,0.20964,-2.024527934592173,-1.9798608746412367,0.5158652910258932,2.097527739926031,15.83
BTW/USDT,2026-08-09 03:30,30m,6,0.20548,0.2105,-2.443060151839594,-2.398209855523661,0.5158652910258932,3.202258127311662,15.83
BTW/USDT,2026-08-09 03:30,1h,12,0.20548,0.20468,0.38933229511387735,0.4329425499829751,0.783531243916683,3.202258127311662,15.83
BTW/USDT,2026-08-09 03:30,2h,24,0.20548,0.20806,-1.2555966517422614,-1.2112662353456205,2.5939264161962243,3.202258127311662,15.83
BTW/USDT,2026-08-09 03:30,4h,48,0.20548,0.18384,10.531438582830441,10.570608551831493,13.86022970605412,8.74537667899553,15.83
BTW/USDT,2026-08-09 03:30,8h,96,0.20548,0.17188,16.351956394782942,16.388578099917304,28.30445785477905,8.74537667899553,15.83
BTW/USDT,2026-08-09 03:30,12h,144,0.20548,0.20526,0.10706638115631592,0.15080021403901578,28.30445785477905,8.74537667899553,15.83
BTW/USDT,2026-08-09 08:15,15m,3,0.18642,0.18463,0.9601974037120554,0.9176773639583647,3.1058899259736026,0.6222508314558494,14.36
BTW/USDT,2026-08-09 08:15,30m,6,0.18642,0.17342,6.973500697350075,6.9335623054631395,7.080785323463141,0.6222508314558494,14.36
BTW/USDT,2026-08-09 08:15,1h,12,0.18642,0.18373,1.442978221220898,1.4006654502522278,12.02660658727604,0.6222508314558494,14.36
BTW/USDT,2026-08-09 08:15,2h,24,0.18642,0.17146,8.024890033258234,7.9854030267253435,12.02660658727604,0.6222508314558494,14.36
BTW/USDT,2026-08-09 08:15,4h,48,0.18642,0.1816,2.585559489325175,2.543737254481053,15.191503057611849,0.6222508314558494,14.36
BTW/USDT,2026-08-09 08:15,8h,96,0.18642,0.19776,-6.083038300611516,-6.128582161640005,15.191503057611849,11.962235811608188,14.36
BTW/USDT,2026-08-09 08:15,12h,144,0.18642,0.21693,-16.366269713550054,-16.416228399699477,15.191503057611849,17.535672138182594,14.36
BTW/USDT,2026-08-09 08:45,15m,3,0.1734,0.16541,4.6078431372549,4.618844423941869,5.420991926182233,1.072664359861592,14.36
BTW/USDT,2026-08-09 08:45,30m,6,0.1734,0.18373,-5.957324106113037,-5.945104370891485,5.420991926182233,6.6897347174163775,14.36
BTW/USDT,2026-08-09 08:45,1h,12,0.1734,0.16983,2.0588235294117587,2.070118786760456,5.420991926182233,6.6897347174163775,14.36
BTW/USDT,2026-08-09 08:45,2h,24,0.1734,0.171,1.3840830449826906,1.395456118094786,5.420991926182233,6.6897347174163775,14.36
BTW/USDT,2026-08-09 08:45,4h,48,0.1734,0.18413,-6.188004613610143,-6.175758274708798,8.82352941176471,7.1510957324106075,14.36
BTW/USDT,2026-08-09 08:45,8h,96,0.1734,0.20514,-18.30449826989619,-18.290854572713645,8.82352941176471,20.369088811995383,14.36
BTW/USDT,2026-08-09 08:45,12h,144,0.1734,0.2187,-26.124567474048447,-26.110021912120875,8.82352941176471,26.753171856978092,14.36
BTW/USDT,2026-08-09 15:10,15m,3,0.20053,0.20564,-2.548247145065564,-2.5431335394434993,0.2792599611030793,3.346132748217221,5.87
BTW/USDT,2026-08-09 15:10,30m,6,0.20053,0.20484,-2.1493043434897423,-2.1442106312955014,0.2792599611030793,3.346132748217221,5.87
BTW/USDT,2026-08-09 15:10,1h,12,0.20053,0.2013,-0.3839824465167271,-0.3789767627406057,1.9847404378397302,4.084176931132486,5.87
BTW/USDT,2026-08-09 15:10,2h,24,0.20053,0.20435,-1.9049518775245549,-1.899870350054856,1.9847404378397302,4.084176931132486,5.87
BTW/USDT,2026-08-09 15:10,4h,48,0.20053,0.21415,-6.7920011968284015,-6.786675974867862,1.9847404378397302,7.215877923502709,5.87
BTW/USDT,2026-08-09 15:10,8h,96,0.20053,0.21904,-9.230539071460628,-9.225092250922518,1.9847404378397302,10.706627437291171,5.87
BTW/USDT,2026-08-09 16:55,15m,3,0.20401,0.20435,-0.16665849713249692,-0.16174884815214047,0.45095828635851387,1.8136365864418456,8.38
BTW/USDT,2026-08-09 16:55,30m,6,0.20401,0.20578,-0.8676045291897425,-0.8626605234780824,0.45095828635851387,1.8136365864418456,8.38
BTW/USDT,2026-08-09 16:55,1h,12,0.20401,0.20911,-2.499877456987399,-2.4948534457406057,0.45095828635851387,2.7841772462134164,8.38
BTW/USDT,2026-08-09 16:55,2h,24,0.20401,0.21183,-3.833145434047348,-3.8280560729340176,0.45095828635851387,4.200774471839613,8.38
BTW/USDT,2026-08-09 16:55,4h,48,0.20401,0.21658,-6.161462673398361,-6.156259190275457,0.45095828635851387,7.734914955149265,8.38
SKYAI/USDT,2026-08-09 03:15,15m,3,0.12169,0.12366,-1.6188676144301088,-1.5521064301552128,1.7010436354671725,2.6296326731859594,14.24
SKYAI/USDT,2026-08-09 03:15,30m,6,0.12169,0.12502,-2.736461500534132,-2.6689660836002207,1.7010436354671725,3.0405127783712667,14.24
SKYAI/USDT,2026-08-09 03:15,1h,12,0.12169,0.1129,7.2232722491577,7.284224357395091,8.217602103706145,3.19664721834168,14.24
SKYAI/USDT,2026-08-09 03:15,2h,24,0.12169,0.11891,2.28449338483031,2.3486901535682034,8.349083737365438,3.19664721834168,14.24
SKYAI/USDT,2026-08-09 03:15,4h,48,0.12169,0.13031,-7.083573013394694,-7.013221647367994,8.349083737365438,8.636699810995156,14.24
SKYAI/USDT,2026-08-09 03:15,8h,96,0.12169,0.11884,2.3420165995562536,2.4061755769072857,8.932533486728577,17.626756512449653,14.24
SKYAI/USDT,2026-08-09 03:15,12h,144,0.12169,0.11694,3.903360999260419,3.9664942103966503,8.932533486728577,17.626756512449653,14.24
SKYAI/USDT,2026-08-09 08:00,15m,3,0.12979,0.1292,0.4545804761537711,0.4238921001926743,3.1897680869096057,1.8953694429463117,19.47
SKYAI/USDT,2026-08-09 08:00,30m,6,0.12979,0.12665,2.419292703598102,2.389210019267816,4.33777640804375,1.8953694429463117,19.47
SKYAI/USDT,2026-08-09 08:00,1h,12,0.12979,0.12814,1.2712843824639686,1.2408477842003856,4.33777640804375,2.6273210570922445,19.47
SKYAI/USDT,2026-08-09 08:00,2h,24,0.12979,0.1135,12.551043994144376,12.524084778420038,13.298405115956532,2.6273210570922445,19.47
SKYAI/USDT,2026-08-09 08:00,4h,48,0.12979,0.12392,4.522690500038514,4.49325626204239,14.615918021419208,2.6273210570922445,19.47
SKYAI/USDT,2026-08-09 08:00,8h,96,0.12979,0.11768,9.33045689190229,9.30250481695568,14.615918021419208,2.6273210570922445,19.47
SKYAI/USDT,2026-08-09 08:00,12h,144,0.12979,0.0978,24.647507512134982,24.624277456647402,29.45527390399876,2.6273210570922445,19.47
TST/USDT,2026-08-09 00:50,15m,3,0.01622,0.01584,2.3427866831072652,2.3427866831072652,2.589395807644863,1.1097410604192546,17.0
TST/USDT,2026-08-09 00:50,30m,6,0.01622,0.01703,-4.99383477188657,-4.99383477188657,2.589395807644863,5.9186189889026055,17.0
TST/USDT,2026-08-09 00:50,1h,12,0.01622,0.01733,-6.84340320591864,-6.84340320591864,2.589395807644863,9.556103575832324,17.0
TST/USDT,2026-08-09 00:50,2h,24,0.01622,0.01853,-14.241676942046876,-14.241676942046876,2.589395807644863,27.3119605425401,17.0
TST/USDT,2026-08-09 00:50,4h,48,0.01622,0.01798,-10.850801479654756,-10.850801479654756,2.589395807644863,28.48335388409373,17.0
TST/USDT,2026-08-09 00:50,8h,96,0.01622,0.01623,-0.06165228113442086,-0.06165228113442086,6.473489519112201,28.48335388409373,17.0
TST/USDT,2026-08-09 00:50,12h,144,0.01622,0.01618,0.24660912453759787,0.24660912453759787,9.556103575832292,28.48335388409373,17.0
TST/USDT,2026-08-09 03:15,15m,3,0.01938,0.01876,3.19917440660476,3.149199793495093,4.48916408668732,0.4643962848297203,30.94
TST/USDT,2026-08-09 03:15,30m,6,0.01938,0.01868,3.6119711042311797,3.5622096024780574,5.572755417956662,0.4643962848297203,30.94
TST/USDT,2026-08-09 03:15,1h,12,0.01938,0.0178,8.152734778121783,8.10531750129065,8.978328173374623,0.4643962848297203,30.94
TST/USDT,2026-08-09 03:15,2h,24,0.01938,0.01727,10.887512899896803,10.841507485802778,11.713106295149645,0.4643962848297203,30.94
TST/USDT,2026-08-09 03:15,4h,48,0.01938,0.01661,14.293085655314766,14.24883840991223,20.175438596491237,4.643962848297203,30.94
TST/USDT,2026-08-09 03:15,8h,96,0.01938,0.01644,15.170278637770906,15.126484254001028,24.30340557275542,4.643962848297203,30.94
TST/USDT,2026-08-09 03:15,12h,144,0.01938,0.01604,17.234262125903005,17.191533298915846,24.30340557275542,4.643962848297203,30.94
TST/USDT,2026-08-09 03:45,15m,3,0.01868,0.0183,2.034261241970013,2.034261241970013,5.5674518201284755,0.37473233404711254,30.94
TST/USDT,2026-08-09 03:45,30m,6,0.01868,0.0178,4.710920770877938,4.710920770877938,5.5674518201284755,0.37473233404711254,30.94
TST/USDT,2026-08-09 03:45,1h,12,0.01868,0.01786,4.389721627408982,4.389721627408982,5.5674518201284755,2.623126338329769,30.94
TST/USDT,2026-08-09 03:45,2h,24,0.01868,0.01787,4.3361884368308266,4.3361884368308266,8.67237687366167,2.623126338329769,30.94
TST/USDT,2026-08-09 03:45,4h,48,0.01868,0.01702,8.886509635974296,8.886509635974296,17.987152034261232,8.565310492505358,30.94
TST/USDT,2026-08-09 03:45,8h,96,0.01868,0.0168,10.06423982869379,10.06423982869379,21.466809421841532,8.565310492505358,30.94
TST/USDT,2026-08-09 03:45,12h,144,0.01868,0.01635,12.473233404710914,12.473233404710914,21.466809421841532,8.565310492505358,30.94
TST/USDT,2026-08-09 20:10,15m,3,0.02099,0.0206,1.8580276322058191,1.8580276322058191,5.669366364935684,2.048594568842305,43.85
TST/USDT,2026-08-09 20:10,30m,6,0.02099,0.02161,-2.9537875178656456,-2.9537875178656456,5.669366364935684,3.5254883277751192,43.85
TST/USDT,2026-08-09 20:10,1h,12,0.02099,0.02143,-2.0962363030014264,-2.0962363030014264,5.669366364935684,6.717484516436388,43.85
TST/USDT,2026-08-09 20:10,2h,24,0.02099,0.02065,1.6198189614101952,1.6198189614101952,5.669366364935684,6.717484516436388,43.85
ACE/USDT,2026-08-09 03:25,15m,3,0.13026,0.13253,-1.742668509135592,-1.6958256599140715,0.38384768923691115,2.3568248119146458,17.21
ACE/USDT,2026-08-09 03:25,30m,6,0.13026,0.13106,-0.6141563027790748,-0.5678330263965765,0.38384768923691115,2.5103638876094143,17.21
ACE/USDT,2026-08-09 03:25,1h,12,0.13026,0.12992,0.26101642868108343,0.3069367710251563,1.2590204206970481,2.5103638876094143,17.21
ACE/USDT,2026-08-09 03:25,2h,24,0.13026,0.12789,1.8194380469829445,1.8646408839778912,3.500690925840612,2.5103638876094143,17.21
ACE/USDT,2026-08-09 03:25,4h,48,0.13026,0.12725,2.310763089206192,2.3557397176181625,4.498694917856588,2.5103638876094143,17.21
ACE/USDT,2026-08-09 03:25,8h,96,0.13026,0.12154,6.694303700291719,6.737262124002454,8.79011208352525,4.537079686780307,17.21
ACE/USDT,2026-08-09 03:25,12h,144,0.13026,0.12334,5.312452019038831,5.356046654389186,8.79011208352525,4.537079686780307,17.21
COOKIE/USDT,2026-08-09 01:00,15m,3,0.012904,0.012755,1.1546807191568491,1.1546807191568491,5.773403595784259,0.5812151270923642,29.6
COOKIE/USDT,2026-08-09 01:00,30m,6,0.012904,0.012143,5.897396156230636,5.897396156230636,6.447613143211416,1.1391816491010505,29.6
COOKIE/USDT,2026-08-09 01:00,1h,12,0.012904,0.011722,9.159950402975827,9.159950402975827,9.965902045877252,1.1391816491010505,29.6
COOKIE/USDT,2026-08-09 01:00,2h,24,0.012904,0.011819,8.40824550526969,8.40824550526969,9.965902045877252,1.1391816491010505,29.6
COOKIE/USDT,2026-08-09 01:00,4h,48,0.012904,0.011602,10.089894606323629,10.089894606323629,11.965282083075017,1.1391816491010505,29.6
COOKIE/USDT,2026-08-09 01:00,8h,96,0.012904,0.011951,7.38530688158711,7.38530688158711,11.965282083075017,4.471481711097329,29.6
COOKIE/USDT,2026-08-09 01:00,12h,144,0.012904,0.013352,-3.4717916924984404,-3.4717916924984404,11.965282083075017,10.655610663360195,29.6
COOKIE/USDT,2026-08-09 12:05,15m,3,0.013619,0.013352,1.960496365371906,1.9244894961069494,5.279389088773032,0.22762317350761083,16.54
COOKIE/USDT,2026-08-09 12:05,30m,6,0.013619,0.013346,2.0045524634701444,1.9685617746437427,5.279389088773032,0.22762317350761083,16.54
COOKIE/USDT,2026-08-09 12:05,1h,12,0.013619,0.013535,0.6167853733754242,0.5802850007345323,5.279389088773032,1.3583963580292324,16.54
COOKIE/USDT,2026-08-09 12:05,2h,24,0.013619,0.012791,6.079741537557816,6.045247539297775,8.076951318011591,4.48637932300463,16.54
COOKIE/USDT,2026-08-09 12:05,4h,48,0.013619,0.012436,8.68639400837066,8.652857352725137,10.698289154857186,4.48637932300463,16.54
COOKIE/USDT,2026-08-09 12:05,8h,96,0.013619,0.015146,-11.212276966003383,-11.25312178639636,10.698289154857186,23.34973199206992,16.54
COOKIE/USDT,2026-08-09 12:35,15m,3,0.013346,0.013122,1.6784055147609789,1.6784055147609789,1.8282631500074884,3.4317398471452125,16.54
COOKIE/USDT,2026-08-09 12:35,30m,6,0.013346,0.013535,-1.4161546530795739,-1.4161546530795739,1.8282631500074884,3.4317398471452125,16.54
COOKIE/USDT,2026-08-09 12:35,1h,12,0.013346,0.013629,-2.1204855387382007,-2.1204855387382007,1.8282631500074884,6.623707477895994,16.54
COOKIE/USDT,2026-08-09 12:35,2h,24,0.013346,0.012752,4.450771766821526,4.450771766821526,6.40641390678855,6.623707477895994,16.54
COOKIE/USDT,2026-08-09 12:35,4h,48,0.013346,0.012827,3.888805634647088,3.888805634647088,8.871572006593743,6.623707477895994,16.54
COOKIE/USDT,2026-08-09 12:35,8h,96,0.013346,0.015063,-12.865277985913382,-12.865277985913382,8.871572006593743,25.872920725310962,16.54
COOKIE/USDT,2026-08-09 20:05,15m,3,0.015139,0.014894,1.6183367461523248,1.6638056252475935,3.223462580091148,2.0410859369839502,31.27
COOKIE/USDT,2026-08-09 20:05,30m,6,0.015139,0.015063,0.5020146641125549,0.5479994718077363,3.2961225972653376,2.0410859369839502,31.27
COOKIE/USDT,2026-08-09 20:05,1h,12,0.015139,0.015424,-1.8825549904220922,-1.835468110392186,3.2961225972653376,3.6792390514565163,31.27
COOKIE/USDT,2026-08-09 20:05,2h,24,0.015139,0.015819,-4.491710152586037,-4.443417403935032,3.2961225972653376,7.774621837637895,31.27
COOKIE/USDT,2026-08-09 20:35,15m,3,0.015067,0.01555,-3.205681290236935,-3.2330876983336623,1.5331519214176696,3.723368952014329,31.27
COOKIE/USDT,2026-08-09 20:35,30m,6,0.015067,0.015424,-2.3694166058273023,-2.3966009427072974,1.5331519214176696,4.1746864007433535,31.27
COOKIE/USDT,2026-08-09 20:35,1h,12,0.015067,0.015648,-3.856109378111092,-3.8836885082652777,1.5331519214176696,5.462268533881999,31.27
COOKIE/USDT,2026-08-09 20:35,2h,24,0.015067,0.015573,-3.358332780248221,-3.3857797251543515,1.5331519214176696,8.289639609743148,31.27
US/USDT,2026-08-09 01:25,15m,3,0.050875,0.05005,1.6216216216216204,1.6158200974996133,2.3764127764127663,0.0,7.67
US/USDT,2026-08-09 01:25,30m,6,0.050875,0.051058,-0.35970515970516487,-0.36562352571158724,2.429484029484018,0.711547911547914,7.67
US/USDT,2026-08-09 01:25,1h,12,0.050875,0.050739,0.2673218673218619,0.26144047806259074,2.429484029484018,0.711547911547914,7.67
US/USDT,2026-08-09 01:25,2h,24,0.050875,0.05031,1.1105651105651029,1.104733448655449,2.429484029484018,0.711547911547914,7.67
US/USDT,2026-08-09 01:25,4h,48,0.050875,0.050104,1.5154791154791036,1.5096713319704314,3.795577395577386,0.811793611793619,7.67
US/USDT,2026-08-09 01:25,8h,96,0.050875,0.048264,5.132186732186724,5.126592231482936,18.427518427518418,1.9420147420147476,7.67
US/USDT,2026-08-09 01:25,12h,144,0.050875,0.048109,5.436855036855032,5.431278502909265,18.427518427518418,1.9420147420147476,7.67
US/USDT,2026-08-09 06:25,15m,3,0.049095,0.048565,1.079539667990636,1.079539667990636,2.7986556675832572,3.356757307261439,6.21
US/USDT,2026-08-09 06:25,30m,6,0.049095,0.046246,5.803034932274157,5.803034932274157,7.082187595478157,3.356757307261439,6.21
US/USDT,2026-08-09 06:25,1h,12,0.049095,0.050903,-3.6826560749567103,-3.6826560749567103,7.536409002953462,5.483246766473164,6.21
US/USDT,2026-08-09 06:25,2h,24,0.049095,0.049359,-0.5377329666972204,-0.5377329666972204,7.536409002953462,5.638048681128423,6.21
US/USDT,2026-08-09 06:25,4h,48,0.049095,0.048169,1.8861391180364666,1.8861391180364666,7.536409002953462,5.638048681128423,6.21
US/USDT,2026-08-09 06:25,8h,96,0.049095,0.047688,2.8658722884204066,2.8658722884204066,7.536409002953462,5.638048681128423,6.21
US/USDT,2026-08-09 06:25,12h,144,0.049095,0.046193,5.91098889907323,5.91098889907323,27.029229045727664,8.129137386699261,6.21
US/USDT,2026-08-09 18:05,15m,3,0.044981,0.04543,-0.9981992396789711,-0.9353684818591788,1.6918254374069002,2.78339743447234,6.06
US/USDT,2026-08-09 18:05,30m,6,0.044981,0.046245,-2.8100753651541788,-2.7461174431780333,1.6918254374069002,4.31737844867833,6.06
US/USDT,2026-08-09 18:05,1h,12,0.044981,0.043698,2.8523154220670937,2.9127507831766972,4.890953958337966,4.31737844867833,6.06
US/USDT,2026-08-09 18:05,2h,24,0.044981,0.044975,0.013338965340919636,0.0755404474660608,4.890953958337966,7.460927947355546,6.06
US/USDT,2026-08-09 18:05,4h,48,0.044981,0.044958,0.05113270047353813,0.11331067119909892,4.890953958337966,7.460927947355546,6.06
MMT/USDT,2026-08-09 04:50,15m,3,0.22,0.2213,-0.5909090909090889,-0.6366530241018574,1.5909090909090924,0.90909090909091,8.44
MMT/USDT,2026-08-09 04:50,30m,6,0.22,0.2227,-1.2272727272727308,-1.2733060482037275,1.5909090909090924,1.9545454545454537,8.44
MMT/USDT,2026-08-09 04:50,1h,12,0.22,0.2263,-2.8636363636363638,-2.9104138244656608,1.5909090909090924,5.2727272727272725,8.44
MMT/USDT,2026-08-09 04:50,2h,24,0.22,0.2323,-5.5909090909090935,-5.6389267849022255,1.5909090909090924,9.000000000000005,8.44
MMT/USDT,2026-08-09 04:50,4h,48,0.22,0.23,-4.545454545454549,-4.592996816734878,1.5909090909090924,9.000000000000005,8.44
MMT/USDT,2026-08-09 04:50,8h,96,0.22,0.2203,-0.13636363636363397,-0.18190086402909672,4.045454545454541,9.000000000000005,8.44
MMT/USDT,2026-08-09 04:50,12h,144,0.22,0.2151,2.2272727272727217,2.182810368349249,4.045454545454541,9.000000000000005,8.44
MMT/USDT,2026-08-09 05:20,15m,3,0.2226,0.2233,-0.31446540880503426,-0.26942074539739086,0.5840071877807708,0.7637017070979367,8.44
MMT/USDT,2026-08-09 05:20,30m,6,0.2226,0.2263,-1.6621743036837415,-1.61652447238437,0.5840071877807708,4.043126684636123,8.44
MMT/USDT,2026-08-09 05:20,1h,12,0.2226,0.2372,-6.55884995507637,-6.51100134710372,0.5840071877807708,7.726864330637925,8.44
MMT/USDT,2026-08-09 05:20,2h,24,0.2226,0.2283,-2.5606469002695467,-2.5145936237090227,0.5840071877807708,7.726864330637925,8.44
MMT/USDT,2026-08-09 05:20,4h,48,0.2226,0.2119,4.806828391734046,4.849573417153122,5.166217430368366,7.726864330637925,8.44
MMT/USDT,2026-08-09 05:20,8h,96,0.2226,0.2218,0.3593890386343195,0.4041311180960987,5.166217430368366,7.726864330637925,8.44
MMT/USDT,2026-08-09 05:20,12h,144,0.2226,0.2203,1.0332434860736732,1.0776829815895883,5.166217430368366,7.726864330637925,8.44
MMT/USDT,2026-08-09 07:00,15m,3,0.2275,0.2309,-1.4945054945054885,-1.4499121265377846,0.3956043956044008,1.9340659340659285,14.87
MMT/USDT,2026-08-09 07:00,30m,6,0.2275,0.2298,-1.0109890109890094,-0.966608084358527,0.3956043956044008,2.2417582417582387,14.87
MMT/USDT,2026-08-09 07:00,1h,12,0.2275,0.2271,0.17582417582418086,0.2196836555360283,1.9780219780219797,2.2417582417582387,14.87
MMT/USDT,2026-08-09 07:00,2h,24,0.2275,0.2191,3.6923076923077005,3.734622144112482,3.9999999999999987,3.5164835164835075,14.87
MMT/USDT,2026-08-09 07:00,4h,48,0.2275,0.2181,4.13186813186814,4.173989455184538,7.208791208791207,3.5164835164835075,14.87
MMT/USDT,2026-08-09 07:00,8h,96,0.2275,0.22,3.2967032967032996,3.3391915641476255,7.208791208791207,3.5164835164835075,14.87
MMT/USDT,2026-08-09 07:00,12h,144,0.2275,0.2166,4.7912087912088,4.8330404217926235,7.208791208791207,3.5164835164835075,14.87
MMT/USDT,2026-08-09 07:30,15m,3,0.23,0.2307,-0.3043478260869471,-0.3916449086161811,0.9130434782608776,0.7826086956521723,14.87
MMT/USDT,2026-08-09 07:30,30m,6,0.23,0.2271,1.2608695652173973,1.1749347258485674,3.0434782608695676,0.7826086956521723,14.87
MMT/USDT,2026-08-09 07:30,1h,12,0.23,0.2292,0.34782608695653167,0.2610966057441328,3.0434782608695676,2.391304347826077,14.87
MMT/USDT,2026-08-09 07:30,2h,24,0.23,0.2147,6.652173913043481,6.570931244560488,8.217391304347826,2.391304347826077,14.87
MMT/USDT,2026-08-09 07:30,4h,48,0.23,0.2142,6.869565217391307,6.7885117493472595,8.217391304347826,2.391304347826077,14.87
MMT/USDT,2026-08-09 07:30,8h,96,0.23,0.2172,5.56521739130435,5.483028720626631,8.217391304347826,2.391304347826077,14.87
MMT/USDT,2026-08-09 07:30,12h,144,0.23,0.2136,7.130434782608694,7.04960835509138,8.217391304347826,2.391304347826077,14.87
龙虾/USDT,2026-08-09 02:05,15m,3,0.024651,0.024881,-0.9330250294105759,-0.9002798166997849,0.8884020932213722,0.9614214433491588,9.29
龙虾/USDT,2026-08-09 02:05,30m,6,0.024651,0.024994,-1.3914242829905463,-1.3585303540289488,0.8884020932213722,2.0283152813273317,9.29
龙虾/USDT,2026-08-09 02:05,1h,12,0.024651,0.025227,-2.336619204089084,-2.3034186301147614,0.8884020932213722,2.766622043730486,9.29
龙虾/USDT,2026-08-09 02:05,2h,24,0.024651,0.024689,-0.1541519613808764,-0.12165943468915519,0.8884020932213722,2.7787919354184476,9.29
龙虾/USDT,2026-08-09 02:05,4h,48,0.024651,0.02441,0.9776479655997653,1.009773307920026,1.9958622368260897,2.7787919354184476,9.29
龙虾/USDT,2026-08-09 02:05,8h,96,0.024651,0.02041,17.204170216218404,17.231031266474712,47.68974889456817,15.666707232972296,9.29
龙虾/USDT,2026-08-09 02:05,12h,144,0.024651,0.019096,22.534582775546635,22.559714505859937,47.68974889456817,15.666707232972296,9.29
龙虾/USDT,2026-08-09 03:40,15m,3,0.024748,0.024929,-0.731372232099566,-0.7395134567202745,0.4000323258445062,1.462744464199132,7.41
龙虾/USDT,2026-08-09 03:40,30m,6,0.024748,0.024715,0.13334410861483073,0.12527277135698608,0.5980281234847213,1.462744464199132,7.41
龙虾/USDT,2026-08-09 03:40,1h,12,0.024748,0.024718,0.12122191692257467,0.11314959993534408,1.5475998060449245,1.462744464199132,7.41
龙虾/USDT,2026-08-09 03:40,2h,24,0.024748,0.025095,-1.4021335057378377,-1.410328942051235,2.379990302246643,1.6203329561984892,7.41
龙虾/USDT,2026-08-09 03:40,4h,48,0.024748,0.017399,29.69532891546791,29.689646811605915,47.894779376111195,15.213350573783742,7.41
龙虾/USDT,2026-08-09 03:40,8h,96,0.024748,0.018629,24.72523032164215,24.71914652873192,47.894779376111195,15.213350573783742,7.41
龙虾/USDT,2026-08-09 03:40,12h,144,0.024748,0.018317,25.985938257636974,25.979956356582885,47.894779376111195,15.213350573783742,7.41
龙虾/USDT,2026-08-09 19:35,15m,3,0.021649,0.02183,-0.8360663310083474,-0.8407243163340637,0.5727747240057396,1.6582752090165742,11.74
龙虾/USDT,2026-08-09 19:35,30m,6,0.021649,0.022377,-3.362741928033625,-3.367516629711754,0.7529216130075289,3.7230357060372192,11.74
龙虾/USDT,2026-08-09 19:35,1h,12,0.021649,0.02243,-3.6075569310360613,-3.612342941611225,0.7529216130075289,4.392812601043914,11.74
龙虾/USDT,2026-08-09 19:35,2h,24,0.021649,0.023203,-7.17816065407178,-7.183111603843314,0.7529216130075289,8.443808028084437,11.74
龙虾/USDT,2026-08-09 19:35,4h,48,0.021649,0.021703,-0.24943415400248736,-0.25406504065040414,1.7275624740172884,9.65402559009653,11.74
龙虾/USDT,2026-08-09 22:40,15m,3,0.022775,0.02256,0.944017563117453,0.9048581217605258,0.9879253567508212,0.9264544456641026,15.38
龙虾/USDT,2026-08-09 22:40,30m,6,0.022775,0.022652,0.540065861690457,0.5007467275762232,1.0757409440175574,2.1339187705817797,15.38
龙虾/USDT,2026-08-09 22:40,1h,12,0.022775,0.021787,4.338090010976945,4.300272335939562,6.5861690450054935,2.1339187705817797,15.38
ON/USDT,2026-08-09 08:45,15m,3,0.35632,0.3602,-1.0889088459811391,-1.0662177328844067,0.8222945666816467,1.8522676246070933,12.67
ON/USDT,2026-08-09 08:45,30m,6,0.35632,0.36055,-1.1871351594072619,-1.1644219977553276,1.4762011674899085,2.071171980242478,12.67
ON/USDT,2026-08-09 08:45,1h,12,0.35632,0.36008,-1.055231252806462,-1.0325476992143705,3.022563987427032,2.071171980242478,12.67
ON/USDT,2026-08-09 08:45,2h,24,0.35632,0.36853,-3.4266951055231245,-3.403479236812579,3.022563987427032,4.7709923664122025,12.67
ON/USDT,2026-08-09 08:45,4h,48,0.35632,0.40145,-12.665581499775467,-12.640291806958468,3.022563987427032,14.944431971261777,12.67
ON/USDT,2026-08-09 08:45,8h,96,0.35632,0.36193,-1.574427480916016,-1.5516273849607125,3.022563987427032,18.19151324651998,12.67
ON/USDT,2026-08-09 08:45,12h,144,0.35632,0.37757,-5.9637404580152635,-5.939955106621779,3.022563987427032,18.19151324651998,12.67
ON/USDT,2026-08-09 09:15,15m,3,0.36052,0.35097,2.6489515144790863,2.657051726528908,4.152335515366688,0.18861644291579216,12.67
ON/USDT,2026-08-09 09:15,30m,6,0.36052,0.36008,0.1220459336513913,0.130356399944521,4.152335515366688,0.2607344946188828,12.67
ON/USDT,2026-08-09 09:15,1h,12,0.36052,0.3565,1.1150560301786374,1.1232838718624318,4.152335515366688,0.2607344946188828,12.67
ON/USDT,2026-08-09 09:15,2h,24,0.36052,0.40135,-11.325307888605343,-11.316044931354876,4.152335515366688,13.605347830910903,12.67
ON/USDT,2026-08-09 09:15,4h,48,0.36052,0.41477,-15.047708864972822,-15.038136180834849,4.152335515366688,16.81460113169866,12.67
ON/USDT,2026-08-09 09:15,8h,96,0.36052,0.35993,0.16365250194163414,0.17195950630979168,4.152335515366688,16.81460113169866,12.67
ON/USDT,2026-08-09 09:15,12h,144,0.36052,0.3751,-4.044158437812044,-4.035501317431703,4.152335515366688,16.81460113169866,12.67
ON/USDT,2026-08-09 12:25,15m,3,0.39629,0.40165,-1.3525448535163722,-1.3525448535163722,0.5400085795755571,2.954906760200863,20.81
ON/USDT,2026-08-09 12:25,30m,6,0.39629,0.40773,-2.8867748366095554,-2.8867748366095554,0.5400085795755571,3.325847233086887,20.81
ON/USDT,2026-08-09 12:25,1h,12,0.39629,0.39276,0.8907618158419284,0.8907618158419284,5.014004895404881,6.270660374977931,20.81
ON/USDT,2026-08-09 12:25,2h,24,0.39629,0.3555,10.29296727144263,10.29296727144263,12.167856872492363,6.270660374977931,20.81
ON/USDT,2026-08-09 12:25,4h,48,0.39629,0.36408,8.127886143985457,8.127886143985457,12.167856872492363,6.270660374977931,20.81
ON/USDT,2026-08-09 12:25,8h,96,0.39629,0.36798,7.143758358777664,7.143758358777664,12.167856872492363,6.270660374977931,20.81
XAN/USDT,2026-08-09 05:50,15m,3,0.015279,0.015388,-0.7133974736566625,-0.7133974736566625,1.9634792852935397,0.9621048497938431,8.16
XAN/USDT,2026-08-09 05:50,30m,6,0.015279,0.015425,-0.9555599188428582,-0.9555599188428582,1.9634792852935397,0.9817396426467756,8.16
XAN/USDT,2026-08-09 05:50,1h,12,0.015279,0.015763,-3.167746580273579,-3.167746580273579,1.9634792852935397,3.8418744682243764,8.16
XAN/USDT,2026-08-09 05:50,2h,24,0.015279,0.016768,-9.745402186006954,-9.745402186006954,1.9634792852935397,9.810851495516737,8.16
XAN/USDT,2026-08-09 05:50,4h,48,0.015279,0.017563,-14.948622292034816,-14.948622292034816,1.9634792852935397,18.057464493749585,8.16
XAN/USDT,2026-08-09 05:50,8h,96,0.015279,0.017241,-12.841154525819753,-12.841154525819753,1.9634792852935397,36.35054650173442,8.16
XAN/USDT,2026-08-09 05:50,12h,144,0.015279,0.019392,-26.91930100137444,-26.91930100137444,1.9634792852935397,36.35054650173442,8.16
XAN/USDT,2026-08-09 08:30,15m,3,0.016802,0.016917,-0.6844423282942537,-0.6844423282942537,0.6606356386144505,2.487799071539092,14.96
XAN/USDT,2026-08-09 08:30,30m,6,0.016802,0.017159,-2.12474705392215,-2.12474705392215,0.6606356386144505,2.5592191405785014,14.96
XAN/USDT,2026-08-09 08:30,1h,12,0.016802,0.017859,-6.29091774788715,-6.29091774788715,0.6606356386144505,6.594453041304593,14.96
XAN/USDT,2026-08-09 08:30,2h,24,0.016802,0.017988,-7.058683490060703,-7.058683490060703,0.6606356386144505,7.582430663016291,14.96
XAN/USDT,2026-08-09 08:30,4h,48,0.016802,0.020303,-20.836805142244973,-20.836805142244973,0.6606356386144505,23.991191524818472,14.96
XAN/USDT,2026-08-09 08:30,8h,96,0.016802,0.018344,-9.177478871562899,-9.177478871562899,1.61885489822641,23.991191524818472,14.96
XAN/USDT,2026-08-09 08:30,12h,144,0.016802,0.020544,-22.271158195452916,-22.271158195452916,1.61885489822641,23.991191524818472,14.96
XAN/USDT,2026-08-09 10:00,15m,3,0.017388,0.017777,-2.2371750632620224,-2.2489359254572787,0.38532321141017417,2.518978605935133,18.91
XAN/USDT,2026-08-09 10:00,30m,6,0.017388,0.017988,-3.4506556245686673,-3.4625560796042905,0.38532321141017417,3.956751782838726,18.91
XAN/USDT,2026-08-09 10:00,1h,12,0.017388,0.018288,-5.175983436852991,-5.188082365121362,0.38532321141017417,6.153669197147447,18.91
XAN/USDT,2026-08-09 10:00,2h,24,0.017388,0.019907,-14.487002530480794,-14.500172552628568,0.38532321141017417,14.94133885438233,18.91
XAN/USDT,2026-08-09 10:00,4h,48,0.017388,0.017119,1.5470439383482968,1.535718394110203,4.9344375431332015,19.81251437773177,18.91
XAN/USDT,2026-08-09 10:00,8h,96,0.017388,0.019436,-11.778237865194372,-11.79109628436673,4.9344375431332015,19.81251437773177,18.91
XAN/USDT,2026-08-09 10:00,12h,144,0.017388,0.020153,-15.901771336553946,-15.915104106752572,4.9344375431332015,19.81251437773177,18.91
XAN/USDT,2026-08-09 13:10,15m,3,0.017652,0.017154,2.8212100611828794,2.8212100611828794,5.098572399728084,0.7987763426240583,32.0
XAN/USDT,2026-08-09 13:10,30m,6,0.017652,0.01736,1.6542034896895568,1.6542034896895568,6.356220258327676,0.7987763426240583,32.0
XAN/USDT,2026-08-09 13:10,1h,12,0.017652,0.0172,2.5606163607523285,2.5606163607523285,6.356220258327676,0.7987763426240583,32.0
XAN/USDT,2026-08-09 13:10,2h,24,0.017652,0.017276,2.130070246997515,2.130070246997515,6.356220258327676,3.1044640833899835,32.0
XAN/USDT,2026-08-09 13:10,4h,48,0.017652,0.018525,-4.945615227736226,-4.945615227736226,6.356220258327676,8.469295263992747,32.0
XAN/USDT,2026-08-09 13:10,8h,96,0.017652,0.020371,-15.403353727622926,-15.403353727622926,6.356220258327676,17.233174711080895,32.0
XAN/USDT,2026-08-09 13:40,15m,3,0.01735,0.017424,-0.42651296829969837,-0.36866359447003505,2.172910662824221,1.0951008645533093,32.0
XAN/USDT,2026-08-09 13:40,30m,6,0.01735,0.0172,0.8645533141210422,0.9216589861751177,2.4610951008645547,1.0951008645533093,32.0
XAN/USDT,2026-08-09 13:40,1h,12,0.01735,0.017419,-0.397694524495675,-0.33986175115207384,2.4610951008645547,1.6484149855907668,32.0
XAN/USDT,2026-08-09 13:40,2h,24,0.01735,0.01708,1.556195965417864,1.6129032258064457,2.507204610951016,4.899135446685879,32.0
XAN/USDT,2026-08-09 13:40,4h,48,0.01735,0.019358,-11.573487031700285,-11.50921658986175,2.507204610951016,12.357348703170029,32.0
XAN/USDT,2026-08-09 13:40,8h,96,0.01735,0.019807,-14.161383285302598,-14.095622119815676,2.507204610951016,19.273775216138326,32.0
XAN/USDT,2026-08-09 19:30,15m,3,0.019223,0.019788,-2.9391874317224134,-2.944542711476436,0.7959215523071338,3.932788846694063,17.51
XAN/USDT,2026-08-09 19:30,30m,6,0.019223,0.02017,-4.926390261665713,-4.931848923108943,0.7959215523071338,5.25932476720594,17.51
XAN/USDT,2026-08-09 19:30,1h,12,0.019223,0.020544,-6.871976278416477,-6.87753615648736,0.7959215523071338,7.652291525776414,17.51
XAN/USDT,2026-08-09 19:30,2h,24,0.019223,0.019852,-3.2721219372626598,-3.2774945375091153,0.7959215523071338,7.652291525776414,17.51
XAN/USDT,2026-08-09 19:30,4h,48,0.019223,0.022264,-15.819591114810375,-15.825616481115388,0.7959215523071338,16.511470634136188,17.51
XAN/USDT,2026-08-09 21:00,15m,3,0.020368,0.019971,1.9491358994501253,1.929876252209787,2.1504320502749454,1.0506677140612672,16.88
XAN/USDT,2026-08-09 21:00,30m,6,0.020368,0.019852,2.5333857030636246,2.514240817128259,3.3287509819324503,1.0506677140612672,16.88
XAN/USDT,2026-08-09 21:00,1h,12,0.020368,0.020153,1.0555773762765117,1.0361422117462158,3.3287509819324503,1.2225058915946545,16.88
XAN/USDT,2026-08-09 21:00,2h,24,0.020368,0.020644,-1.3550667714061195,-1.3749754468670152,3.3287509819324503,2.0326001571091794,16.88
XMR/USDT,2026-08-09 16:30,15m,3,399.99,400.52,-0.13250331258280776,-0.13250331258280776,0.6250156253906347,0.260006500162495,8.5
XMR/USDT,2026-08-09 16:30,30m,6,399.99,399.58,0.10250256256407035,0.10250256256407035,0.6250156253906347,0.260006500162495,8.5
XMR/USDT,2026-08-09 16:30,1h,12,399.99,394.99,1.2500312507812694,1.2500312507812694,1.4600365009125307,0.260006500162495,8.5
XMR/USDT,2026-08-09 16:30,2h,24,399.99,392.68,1.8275456886422168,1.8275456886422168,2.3550588764719156,0.260006500162495,8.5
XMR/USDT,2026-08-09 16:30,4h,48,399.99,399.05,0.23500587514687807,0.23500587514687807,2.407560189004724,0.260006500162495,8.5
